INSERT INTO role(id, nome) VALUES (1, 'produto');
INSERT INTO role(id, nome) VALUES (2, 'categoria');
INSERT INTO role(id, nome) VALUES (3, 'promocoes');
INSERT INTO role(id, nome) VALUES (4, 'destaques');
INSERT INTO role(id, nome) VALUES (5, 'usuarios');
INSERT INTO role(id, nome) VALUES (6, 'configuracao');
INSERT INTO role(id, nome) VALUES (7, 'preferencias');
INSERT INTO role(id, nome) VALUES (8, 'perfil');
INSERT INTO role(id, nome) VALUES (9, 'materia_prima');
INSERT INTO role(id, nome) VALUES (10, 'quantidade_materia_prima');
INSERT INTO role(id, nome) VALUES (11, 'descricao_materia_prima');
INSERT INTO role(id, nome) VALUES (12, 'fornecedor');
INSERT INTO role(id, nome) VALUES (13, 'endereco');
INSERT INTO role(id, nome) VALUES (14, 'contato');
INSERT INTO role(id, nome) VALUES (15, 'unidade');
INSERT INTO role(id, nome) VALUES (16, 'geral');

INSERT INTO permission(id, nome) VALUES (1, 'cadastra_produto');
INSERT INTO permission(id, nome) VALUES (2, 'altera_produto');
INSERT INTO permission(id, nome) VALUES (3, 'remove_produto');
INSERT INTO permission(id, nome) VALUES (4, 'cadastra_categoria');
INSERT INTO permission(id, nome) VALUES (5, 'altera_categoria');
INSERT INTO permission(id, nome) VALUES (6, 'remove_categoria');
INSERT INTO permission(id, nome) VALUES (7, 'cadastra_promocao');
INSERT INTO permission(id, nome) VALUES (8, 'altera_promocao');
INSERT INTO permission(id, nome) VALUES (9, 'remove_promocao');
INSERT INTO permission(id, nome) VALUES (10, 'cadastra_destaque');
INSERT INTO permission(id, nome) VALUES (11, 'altera_destaque');
INSERT INTO permission(id, nome) VALUES (12, 'remove_destaque');
INSERT INTO permission(id, nome) VALUES (13, 'cadastra_usuario');
INSERT INTO permission(id, nome) VALUES (14, 'altera_usuario');
INSERT INTO permission(id, nome) VALUES (15, 'remove_usuario');
INSERT INTO permission(id, nome) VALUES (16, 'cadastra_configuracao');
INSERT INTO permission(id, nome) VALUES (17, 'altera_configuracao');
INSERT INTO permission(id, nome) VALUES (18, 'remove_configuracao');
INSERT INTO permission(id, nome) VALUES (19, 'cadastra_preferencia');
INSERT INTO permission(id, nome) VALUES (20, 'altera_preferencia');
INSERT INTO permission(id, nome) VALUES (21, 'remove_preferencia');
INSERT INTO permission(id, nome) VALUES (22, 'cadastra_perfil');
INSERT INTO permission(id, nome) VALUES (23, 'altera_perfil');
INSERT INTO permission(id, nome) VALUES (24, 'remove_perfil');
INSERT INTO permission(id, nome) VALUES (25, 'cadastra_materia_prima');
INSERT INTO permission(id, nome) VALUES (26, 'altera_materia_prima');
INSERT INTO permission(id, nome) VALUES (27, 'remove_materia_prima');
INSERT INTO permission(id, nome) VALUES (28, 'cadastra_quantidade_materia_prima');
INSERT INTO permission(id, nome) VALUES (29, 'altera_quantidade_materia_prima');
INSERT INTO permission(id, nome) VALUES (30, 'remove_quantidade_materia_prima');
INSERT INTO permission(id, nome) VALUES (31, 'cadastra_descricao_materia_prima');
INSERT INTO permission(id, nome) VALUES (32, 'altera_descricao_materia_prima');
INSERT INTO permission(id, nome) VALUES (33, 'remove_descricao_materia_prima');
INSERT INTO permission(id, nome) VALUES (34, 'cadastra_fornecedor');
INSERT INTO permission(id, nome) VALUES (35, 'altera_fornecedor');
INSERT INTO permission(id, nome) VALUES (36, 'remove_fornecedor');
INSERT INTO permission(id, nome) VALUES (37, 'cadastra_endereco');
INSERT INTO permission(id, nome) VALUES (38, 'altera_endereco');
INSERT INTO permission(id, nome) VALUES (39, 'remove_endereco');
INSERT INTO permission(id, nome) VALUES (40, 'cadastra_contato');
INSERT INTO permission(id, nome) VALUES (41, 'altera_contato');
INSERT INTO permission(id, nome) VALUES (42, 'remove_contato');
INSERT INTO permission(id, nome) VALUES (43, 'cadastra_unidade');
INSERT INTO permission(id, nome) VALUES (44, 'altera_unidade');
INSERT INTO permission(id, nome) VALUES (45, 'remove_unidade');
INSERT INTO permission(id, nome) VALUES (46, 'dashboard');

INSERT INTO role_permissions(fk_role, fk_permission) VALUES (1, 1);
INSERT INTO role_permissions(fk_role, fk_permission) VALUES (1, 2);
INSERT INTO role_permissions(fk_role, fk_permission) VALUES (1, 3);
INSERT INTO role_permissions(fk_role, fk_permission) VALUES (2, 4);
INSERT INTO role_permissions(fk_role, fk_permission) VALUES (2, 5);
INSERT INTO role_permissions(fk_role, fk_permission) VALUES (2, 6);
INSERT INTO role_permissions(fk_role, fk_permission) VALUES (3, 7);
INSERT INTO role_permissions(fk_role, fk_permission) VALUES (3, 8);
INSERT INTO role_permissions(fk_role, fk_permission) VALUES (3, 9);
INSERT INTO role_permissions(fk_role, fk_permission) VALUES (4, 10);
INSERT INTO role_permissions(fk_role, fk_permission) VALUES (4, 11);
INSERT INTO role_permissions(fk_role, fk_permission) VALUES (4, 12);
INSERT INTO role_permissions(fk_role, fk_permission) VALUES (5, 13);
INSERT INTO role_permissions(fk_role, fk_permission) VALUES (5, 14);
INSERT INTO role_permissions(fk_role, fk_permission) VALUES (5, 15);
INSERT INTO role_permissions(fk_role, fk_permission) VALUES (6, 16);
INSERT INTO role_permissions(fk_role, fk_permission) VALUES (6, 17);
INSERT INTO role_permissions(fk_role, fk_permission) VALUES (6, 18);
INSERT INTO role_permissions(fk_role, fk_permission) VALUES (7, 19);
INSERT INTO role_permissions(fk_role, fk_permission) VALUES (7, 20);
INSERT INTO role_permissions(fk_role, fk_permission) VALUES (7, 21);
INSERT INTO role_permissions(fk_role, fk_permission) VALUES (8, 22);
INSERT INTO role_permissions(fk_role, fk_permission) VALUES (8, 23);
INSERT INTO role_permissions(fk_role, fk_permission) VALUES (8, 24);
INSERT INTO role_permissions(fk_role, fk_permission) VALUES (9, 25);
INSERT INTO role_permissions(fk_role, fk_permission) VALUES (9, 26);
INSERT INTO role_permissions(fk_role, fk_permission) VALUES (9, 27);
INSERT INTO role_permissions(fk_role, fk_permission) VALUES (10, 28);
INSERT INTO role_permissions(fk_role, fk_permission) VALUES (10, 29);
INSERT INTO role_permissions(fk_role, fk_permission) VALUES (10, 30);
INSERT INTO role_permissions(fk_role, fk_permission) VALUES (11, 31);
INSERT INTO role_permissions(fk_role, fk_permission) VALUES (11, 32);
INSERT INTO role_permissions(fk_role, fk_permission) VALUES (11, 33);
INSERT INTO role_permissions(fk_role, fk_permission) VALUES (12, 34);
INSERT INTO role_permissions(fk_role, fk_permission) VALUES (12, 35);
INSERT INTO role_permissions(fk_role, fk_permission) VALUES (12, 36);
INSERT INTO role_permissions(fk_role, fk_permission) VALUES (13, 37);
INSERT INTO role_permissions(fk_role, fk_permission) VALUES (13, 38);
INSERT INTO role_permissions(fk_role, fk_permission) VALUES (13, 39);
INSERT INTO role_permissions(fk_role, fk_permission) VALUES (14, 40);
INSERT INTO role_permissions(fk_role, fk_permission) VALUES (14, 41);
INSERT INTO role_permissions(fk_role, fk_permission) VALUES (14, 42);
INSERT INTO role_permissions(fk_role, fk_permission) VALUES (15, 43);
INSERT INTO role_permissions(fk_role, fk_permission) VALUES (15, 44);
INSERT INTO role_permissions(fk_role, fk_permission) VALUES (15, 45);
INSERT INTO role_permissions(fk_role, fk_permission) VALUES (16, 46);

INSERT INTO usuario(id, email, first_name, last_name, login, senha) VALUES (0, 'klebermo@gmail.com', 'Kleber', 'Mota', 'klebermo', 'a7f5306827af05dd0c3b689323403e81');
INSERT INTO role_members(fk_usuario, fk_role) VALUES (0, 1);
INSERT INTO role_members(fk_usuario, fk_role) VALUES (0, 2);
INSERT INTO role_members(fk_usuario, fk_role) VALUES (0, 3);
INSERT INTO role_members(fk_usuario, fk_role) VALUES (0, 4);
INSERT INTO role_members(fk_usuario, fk_role) VALUES (0, 5);
INSERT INTO role_members(fk_usuario, fk_role) VALUES (0, 6);
INSERT INTO role_members(fk_usuario, fk_role) VALUES (0, 7);
INSERT INTO role_members(fk_usuario, fk_role) VALUES (0, 8);
INSERT INTO role_members(fk_usuario, fk_role) VALUES (0, 9);
INSERT INTO role_members(fk_usuario, fk_role) VALUES (0, 10);
INSERT INTO role_members(fk_usuario, fk_role) VALUES (0, 11);
INSERT INTO role_members(fk_usuario, fk_role) VALUES (0, 12);
INSERT INTO role_members(fk_usuario, fk_role) VALUES (0, 13);
INSERT INTO role_members(fk_usuario, fk_role) VALUES (0, 14);
INSERT INTO role_members(fk_usuario, fk_role) VALUES (0, 15);
INSERT INTO role_members(fk_usuario, fk_role) VALUES (0, 16);
